pid,start_time,end_time
1,65982875977200,65982886610300
5,65982886645800,65982903295000
3,65982903313700,65982918594700
7,65982918604300,65982934817700
2,65982934830500,65982950779900
8,65982950815400,65982967055400
6,65982967067800,65982983395500
4,65982983408200,65982999459700
1,65982999471200,65983015769700
5,65983015796800,65983031920500
3,65983032122400,65983047945700
7,65983047971000,65983064067500
2,65983064072600,65983080364100
6,65983080502300,65983096592500
1,65983096600500,65983112459600
5,65983112465600,65983128387600
3,65983128398600,65983144019700
7,65983144046400,65983160281300
8,65983160293900,65983176417100
4,65983176426400,65983192606900
1,65983192617900,65983209411800
5,65983209422900,65983224981800
3,65983224987200,65983241661100
7,65983241672100,65983257759800
2,65983257821700,65983273765300
6,65983273777300,65983290036700
5,65983290045800,65983305902800
1,65983305912600,65983322418800
3,65983322427900,65983337926800
7,65983337931500,65983353716200
8,65983353728700,65983370197100
4,65983370205600,65983386139600
2,65983386148500,65983402453500
6,65983402478600,65983418598200
5,65983418610500,65983434545400
1,65983434558500,65983450796800
3,65983450809900,65983467023000
7,65983467035300,65983483265400
5,65983483276600,65983499424900
1,65983499437200,65983515518200
3,65983515530100,65983531914600
7,65983531925600,65983548223500
2,65983548230700,65983563857200
8,65983563862000,65983579826500
6,65983579831900,65983595778600
4,65983595784200,65983611739900
1,65983611744400,65983627728600
5,65983627732400,65983643493000
3,65983643497000,65983659508300
7,65983659512900,65983675663800
2,65983675668500,65983691291500
6,65983691296000,65983707349900
5,65983707353700,65983723233500
1,65983723239000,65983739457100
3,65983739459900,65983755474700
7,65983755478600,65983771515300
8,65983771519500,65983787247100
4,65983787251700,65983802897200
1,65983802902100,65983819201500
5,65983819204600,65983835619500
3,65983835624400,65983851792300
7,65983851798300,65983867377600
2,65983867389000,65983883585700
6,65983883597300,65983900171900
1,65983900182100,65983916312000
5,65983916336900,65983932665100
3,65983932674100,65983948686100
7,65983948694800,65983965143500
8,65983965243800,65983981814600
4,65983981827500,65983997968600
2,65983997977200,65984014106800
6,65984014119700,65984029847900
5,65984029854200,65984045783100
1,65984045791100,65984061790600
3,65984061793700,65984077387800
7,65984077392600,65984093496700
5,65984093501200,65984109111000
1,65984109114500,65984125006500
3,65984125012200,65984141080300
7,65984141088300,65984156921700
2,65984156937900,65984172781200
8,65984172786600,65984188420700
6,65984188423900,65984204304800
4,65984204309300,65984220019100
1,65984220023800,65984235675800
5,65984235681200,65984252173200
3,65984252178400,65984267945900
7,65984267950600,65984283861900
2,65984283868700,65984299598400
6,65984299602000,65984315771400
1,65984315776300,65984331950300
5,65984331995800,65984347833700
3,65984347841200,65984363882800
7,65984363890200,65984380136600
8,65984380142300,65984395981200
4,65984395990900,65984412018200
5,65984412026300,65984428044000
1,65984428050100,65984444016600
3,65984444021100,65984460300800
7,65984460313300,65984476567700
2,65984476580300,65984492947600
6,65984492958900,65984509035100
5,65984509043100,65984525147700
1,65984525159100,65984541430400
3,65984541445100,65984557283700
7,65984557295200,65984573138100
8,65984573145000,65984589325700
4,65984589333000,65984604985400
2,65984604992400,65984620866700
6,65984620872000,65984636724000
5,65984636731400,65984652683300
1,65984652688600,65984668905800
3,65984668916400,65984684843600
7,65984684856000,65984700895900
5,65984700907600,65984717164300
1,65984717173700,65984733562900
3,65984733573900,65984749467900
7,65984749473000,65984765619500
2,65984765631000,65984781915500
8,65984781926300,65984797973100
6,65984797985400,65984813900900
4,65984814083800,65984829891700
1,65984829895700,65984845837200
5,65984845842300,65984862160800
3,65984862168100,65984877782200
7,65984877794300,65984893732300
2,65984893744500,65984909761500
6,65984909774600,65984925793200
1,65984925797600,65984942142000
5,65984942169800,65984958428700
3,65984958439300,65984974521300
7,65984974532800,65984990023800
8,65984990030700,65985006015200
4,65985006020500,65985022314100
5,65985022323200,65985038103100
1,65985038107900,65985054158500
3,65985054184200,65985070030000
7,65985070038300,65985085580600
2,65985085592000,65985101320700
6,65985101334500,65985117654900
5,65985117667000,65985133726900
1,65985133738600,65985149762500
3,65985149773200,65985166077200
7,65985166087800,65985182364700
8,65985182376200,65985198566600
4,65985198577500,65985214381500
2,65985214530100,65985231137400
6,65985231147000,65985246926200
5,65985246931100,65985263242000
1,65985263252100,65985279460100
3,65985279467800,65985295074800
7,65985295080700,65985310894800
5,65985310944500,65985326998500
1,65985327006700,65985342998900
3,65985343010200,65985359209300
7,65985359221300,65985375220900
2,65985375231100,65985391734800
8,65985391745300,65985407727600
6,65985407738900,65985423711600
4,65985423760600,65985440145200
1,65985440157200,65985456026900
5,65985456034700,65985472015300
3,65985472025700,65985488050200
7,65985488058600,65985504304400
2,65985504310200,65985520453800
6,65985520462800,65985536299700
1,65985536308500,65985551869200
5,65985551878300,65985568483400
3,65985568611500,65985584354700
7,65985584366600,65985600776400
8,65985600787900,65985616959400
4,65985616970800,65985632877800
5,65985632888700,65985648833000
1,65985648844300,65985664993000
3,65985665013100,65985681270200
7,65985681283100,65985696899800
2,65985696904800,65985712816300
6,65985712822900,65985729169800
5,65985729177200,65985744998500
1,65985745006700,65985761102700
3,65985761107200,65985777281200
7,65985777293400,65985793039100
8,65985793044100,65985809047400
4,65985809058700,65985825334900
2,65985825343900,65985841336200
6,65985841346300,65985857600000
5,65985857611400,65985873642800
1,65985873647900,65985889445200
3,65985889449700,65985905392900
7,65985905401200,65985921689000
5,65985921698500,65985937410200
1,65985937419300,65985953321800
3,65985953331900,65985969327900
7,65985969339200,65985985262700
2,65985985275000,65986000840700
8,65986000845500,65986017388500
6,65986017398600,65986033883800
4,65986033894600,65986049612000
1,65986050404500,65986066035200
5,65986066044300,65986081648300
3,65986081657000,65986097936300
7,65986097946100,65986114385400
2,65986114395900,65986130109000
6,65986130118400,65986146103200
1,65986146108900,65986161987600
5,65986161994300,65986178049200
3,65986178056500,65986193800200
7,65986193805500,65986210087500
8,65986210100300,65986226487900
4,65986226534700,65986242737900
5,65986242749100,65986258933000
1,65986258945200,65986275223000
3,65986275234900,65986292147500
7,65986292167300,65986307952600
2,65986307958200,65986324493300
6,65986324506000,65986340713800
5,65986340726400,65986357279800
1,65986357291500,65986372950200
3,65986372957200,65986388755800
7,65986388760800,65986404944900
8,65986404954500,65986420821600
4,65986420830800,65986436830800
2,65986436837800,65986452681700
6,65986452690300,65986468492100
5,65986468532700,65986489833600
1,65986489838200,65986505867600
3,65986505877500,65986522392700
7,65986522565300,65986538546800
5,65986538555200,65986554257000
1,65986554264800,65986570877500
3,65986570885200,65986586435000
7,65986586440600,65986602115600
2,65986602127000,65986618640500
8,65986618651700,65986634876600
6,65986634888500,65986650573500
4,65986650586400,65986667030600
1,65986667042200,65986683191300
5,65986683204400,65986699476600
3,65986699487700,65986715586600
7,65986715598300,65986731775700
2,65986731785400,65986748111600
6,65986748122600,65986764130200
1,65986764139400,65986780238000
5,65986780247500,65986796625000
3,65986796633600,65986812417200
7,65986812427300,65986828491200
8,65986828495900,65986844567500
4,65986844580200,65986860255900
5,65986860267100,65986877008400
1,65986877016500,65986892485300
3,65986892496800,65986908738700
7,65986908751100,65986924943800
2,65986925026900,65986940960700
6,65986940973400,65986957319800
5,65986957332000,65986973521900
1,65986973533900,65986989497000
3,65986989666600,65987006060600
8,65987006181600,65987022890300
4,65987022902500,65987038573700
2,65987038578200,65987054901500
6,65987054910600,65987071211400
5,65987071218800,65987087284200
1,65987087292700,65987103076300
3,65987103088700,65987119717500
5,65987119728000,65987135379700
1,65987135391100,65987151079900
3,65987151086100,65987167529300
2,65987167540400,65987183235300
8,65987183239300,65987199536700
6,65987199548700,65987215496700
4,65987215508800,65987231514400
5,65987231525000,65987247663300
1,65987247672500,65987263585400
3,65987263590600,65987279908600
2,65987279929000,65987296583800
6,65987296594000,65987312566500
1,65987312575200,65987329239500
5,65987329248400,65987345009000
3,65987345021300,65987360878900
8,65987360889700,65987376970200
4,65987376976000,65987393067500
1,65987393072500,65987409512500
3,65987409522100,65987425431600
2,65987425443200,65987441268100
6,65987441272800,65987457197300
1,65987457201900,65987473458500
3,65987473470200,65987489815600
8,65987489827800,65987506465400
4,65987506476800,65987522881500
2,65987522893000,65987538801400
6,65987538810400,65987554951200
1,65987554959800,65987571253500
3,65987571265000,65987587314100
1,65987587323100,65987602522500
3,65987602529100,65987618756500
2,65987618762500,65987634761500
8,65987634770100,65987650755400
6,65987650764200,65987666593400
4,65987666599400,65987682081500
1,65987682086700,65987697909700
3,65987697917400,65987713827700
2,65987713833400,65987729776500
6,65987729782200,65987745944700
3,65987745965900,65987761752400
4,65987761759500,65987777780200
3,65987777785700,65987793035700
2,65987793041700,65987809307500
6,65987809316500,65987824960700
3,65987824967900,65987840996100
4,65987841002800,65987856851200
2,65987856857500,65987872723300
3,65987872729800,65987888520600
3,65987888528800,65987904276800
2,65987904283100,65987919588600
4,65987919597100,65987935784400
3,65987935793100,65987951428800
2,65987951438000,65987967819000
3,65987967826200,65987983637200
4,65987983643000,65987999594900
3,65987999599700,65988015886900
2,65988015899400,65988031869800
3,65988031881000,65988047846300
4,65988047857200,65988063819400
2,65988063824500,65988079904200
3,65988079914100,65988095270100
